id,url
102402067,https://mir-s3-cdn-cf.behance.net/project_modules/disp/86cdb614880293.5628a1b60d18a.png
102458737,https://mir-s3-cdn-cf.behance.net/project_modules/disp/86414614889515.5628a3b922e9c.png
106281741,https://mir-s3-cdn-cf.behance.net/project_modules/disp/a710c615499817.562924a9a87c2.png
110066427,https://mir-s3-cdn-cf.behance.net/project_modules/disp/dffe7f16104825.562a574ff0545.png
111917859,https://mir-s3-cdn-cf.behance.net/project_modules/disp/d0939116404519.562ab3e8dff56.png
111919241,https://mir-s3-cdn-cf.behance.net/project_modules/disp/4b11a116404923.562ab38c7d465.png
114543781,https://mir-s3-cdn-cf.behance.net/project_modules/disp/139ed816817211.562b1aaca9c26.png
115478507,https://mir-s3-cdn-cf.behance.net/project_modules/disp/97bab816960155.562b3ab81bd73.png
118330241,https://mir-s3-cdn-cf.behance.net/project_modules/disp/872c8417398881.562b997d6b6b4.png
118330257,https://mir-s3-cdn-cf.behance.net/project_modules/disp/6aca6e17398881.562b997d88530.png
118709441,https://mir-s3-cdn-cf.behance.net/project_modules/disp/11547a17467207.562ba5e6bf81b.png
119515911,https://mir-s3-cdn-cf.behance.net/project_modules/disp/79464c17591163.562bc01ea2ae7.png
119526295,https://mir-s3-cdn-cf.behance.net/project_modules/disp/8c3ec817592815.562bbf38cef64.png
121743615,https://mir-s3-cdn-cf.behance.net/project_modules/disp/5c9a6617942079.562c12a8e195d.png
124352967,https://mir-s3-cdn-cf.behance.net/project_modules/disp/df5da218353049.562c8122c4c97.png
124789901,https://mir-s3-cdn-cf.behance.net/project_modules/disp/2ba53218424011.562c93b805383.png
124816955,https://mir-s3-cdn-cf.behance.net/project_modules/disp/1086bc18428325.562c94d26e246.png
125318347,https://mir-s3-cdn-cf.behance.net/project_modules/disp/389bbc18508837.562caa1d4add1.png
125349987,https://mir-s3-cdn-cf.behance.net/project_modules/disp/d49af418514015.562cab7d67284.png
126042149,https://mir-s3-cdn-cf.behance.net/project_modules/disp/0224e518623799.562cc8fb4f3ed.PNG
127023841,https://mir-s3-cdn-cf.behance.net/project_modules/disp/e3259e18781219.562cf2f9b5c00.png
127055405,https://mir-s3-cdn-cf.behance.net/project_modules/disp/6bfd5718786197.562cf45db793a.png
127056623,https://mir-s3-cdn-cf.behance.net/project_modules/disp/39751c18786325.562cf46b94b8a.png
128255809,https://mir-s3-cdn-cf.behance.net/project_modules/disp/a0bdda18955459.562d233e7c636.png
128287615,https://mir-s3-cdn-cf.behance.net/project_modules/disp/2c342918959105.562d24750789d.png
132026369,https://mir-s3-cdn-cf.behance.net/project_modules/disp/49d6f119553025.562dc583f24cf.png
135648121,https://mir-s3-cdn-cf.behance.net/project_modules/disp/07fa1b20134723.562e618fe632e.png
135672051,https://mir-s3-cdn-cf.behance.net/project_modules/disp/f4d42c20138645.562e629a5f06f.png
138910797,https://mir-s3-cdn-cf.behance.net/project_modules/disp/29131920666061.562ef1eb5dde2.png
139098589,https://mir-s3-cdn-cf.behance.net/project_modules/disp/19b24220696791.562ef9fc497e5.png
145787573,https://mir-s3-cdn-cf.behance.net/project_modules/disp/f6a16221798159.56307abf978f3.png
146354313,https://mir-s3-cdn-cf.behance.net/project_modules/disp/cd30a221893461.56309354d841e.png
147966837,https://mir-s3-cdn-cf.behance.net/project_modules/disp/31523422158933.5630d981ef651.png
150336767,https://mir-s3-cdn-cf.behance.net/project_modules/disp/606c0c22537749.563145657c225.png
151407735,https://mir-s3-cdn-cf.behance.net/project_modules/disp/bb358e22721267.563174918564c.png
151482107,https://mir-s3-cdn-cf.behance.net/project_modules/disp/539a2722733621.563177e6b294a.png
151825043,https://mir-s3-cdn-cf.behance.net/project_modules/disp/9886d922568145.5631874366268.png
153956719,https://mir-s3-cdn-cf.behance.net/project_modules/disp/e247bc23160309.5631e390be0c0.png
154325693,https://mir-s3-cdn-cf.behance.net/project_modules/disp/def85d23226035.563215733f285.png
156080927,https://mir-s3-cdn-cf.behance.net/project_modules/disp/d8c7ad23536265.563249a1de93a.png
156080933,https://mir-s3-cdn-cf.behance.net/project_modules/disp/a0aaf923536265.563249a1f2244.png
156542337,https://mir-s3-cdn-cf.behance.net/project_modules/disp/fdde6023615003.56325e2953874.png
157450569,https://mir-s3-cdn-cf.behance.net/project_modules/disp/89095623719887.563287c797484.png
157992671,https://mir-s3-cdn-cf.behance.net/project_modules/disp/24622523858605.56329fc047c78.png
158167507,https://mir-s3-cdn-cf.behance.net/project_modules/disp/19da3e23888033.5632a794b0aba.PNG
159646187,https://mir-s3-cdn-cf.behance.net/project_modules/disp/921df224136843.563307dd551b0.png
159853259,https://mir-s3-cdn-cf.behance.net/project_modules/disp/feb2b922761183.56330d9a76e85.png
160081539,https://mir-s3-cdn-cf.behance.net/project_modules/disp/b7749824209661.563313691fae0.png
160493651,https://mir-s3-cdn-cf.behance.net/project_modules/disp/91e6cb24280413.563321dad59a7.png
161267117,https://mir-s3-cdn-cf.behance.net/project_modules/disp/301a2624406111.56333a6cbd47a.png
162282507,https://mir-s3-cdn-cf.behance.net/project_modules/disp/82f1f024571165.563367166e95c.png
162314287,https://mir-s3-cdn-cf.behance.net/project_modules/disp/3ef42824576401.5633688390685.png
163126973,https://mir-s3-cdn-cf.behance.net/project_modules/disp/37ecc024711917.56338cb19c3cd.png
169576549,https://mir-s3-cdn-cf.behance.net/project_modules/disp/1ccf1425807907.5634b2531a6a2.png
172068821,https://mir-s3-cdn-cf.behance.net/project_modules/disp/488b1b26258169.56353852a684c.png
173516315,https://mir-s3-cdn-cf.behance.net/project_modules/disp/07916626514563.563565bfafa86.png
179667809,https://mir-s3-cdn-cf.behance.net/project_modules/disp/7de26527621079.563680a66bfc0.png
179679531,https://mir-s3-cdn-cf.behance.net/project_modules/disp/8c3a0927622935.56368134e9e54.png
179690167,https://mir-s3-cdn-cf.behance.net/project_modules/disp/1fb58227625225.563681b6b3657.png
180828921,https://mir-s3-cdn-cf.behance.net/project_modules/disp/b0c3a227825227.5636b5d96c5bc.png
186022455,https://mir-s3-cdn-cf.behance.net/project_modules/disp/16cd2428751279.55d0ad9c90d31.png
1958468,https://mir-s3-cdn-cf.behance.net/project_modules/disp/0772d61958468.5601124bbaaaf.png
197205559,https://mir-s3-cdn-cf.behance.net/project_modules/disp/f547ce30768403.5631e00555dda.png
199444993,https://mir-s3-cdn-cf.behance.net/project_modules/disp/23e23331191013.564500cf08b6b.png
221438,https://mir-s3-cdn-cf.behance.net/project_modules/disp/8e5bbc221438.560087c57873d.png
31842885,https://mir-s3-cdn-cf.behance.net/project_modules/disp/0cb6e731842885.5605a98622eae.png
45289045,https://mir-s3-cdn-cf.behance.net/project_modules/disp/8f33ba45289045.56079f1b2854b.png
45375377,https://mir-s3-cdn-cf.behance.net/project_modules/disp/97913945375377.5607a07cb687d.png
47244987,https://mir-s3-cdn-cf.behance.net/project_modules/disp/dda6a847244987.5607fb4676461.png
49015063,https://mir-s3-cdn-cf.behance.net/project_modules/disp/a3f6ac49015063.56084833887e2.png
56444641,https://mir-s3-cdn-cf.behance.net/project_modules/disp/f126d27382679.560aa874983d9.png
58404297,https://mir-s3-cdn-cf.behance.net/project_modules/disp/16f97b7668045.560af8c3c4452.png
60265677,https://mir-s3-cdn-cf.behance.net/project_modules/disp/ba72797952819.560b4ba5b5110.png
60277591,https://mir-s3-cdn-cf.behance.net/project_modules/disp/d6b0fd7955075.560b4b2094e3e.png
63827859,https://mir-s3-cdn-cf.behance.net/project_modules/disp/88fbb58498561.560be7a7b4d83.png
63886975,https://mir-s3-cdn-cf.behance.net/project_modules/disp/3e1be88495251.560bea7ca63b5.png
67575531,https://mir-s3-cdn-cf.behance.net/project_modules/disp/5759f08494255.560c85316bdeb.png
67576011,https://mir-s3-cdn-cf.behance.net/project_modules/disp/6374048494255.560c85367f337.png
69475239,https://mir-s3-cdn-cf.behance.net/project_modules/disp/d7a4f59382695.560cd69cb2ff4.png
69613955,https://mir-s3-cdn-cf.behance.net/project_modules/disp/e9de099404709.560cdc62c8311.png
76058407,https://mir-s3-cdn-cf.behance.net/project_modules/disp/85ffe910401727.560e4547c8b68.png
76380577,https://mir-s3-cdn-cf.behance.net/project_modules/disp/44d53e10452531.560e53834c042.png
77118223,https://mir-s3-cdn-cf.behance.net/project_modules/disp/aa750410570415.560e71af80658.png
77473993,https://mir-s3-cdn-cf.behance.net/project_modules/disp/21133c10625837.560e8124d97cd.png
7774919,https://mir-s3-cdn-cf.behance.net/project_modules/disp/bb73227774919.5602a04d919a7.png
78311347,https://mir-s3-cdn-cf.behance.net/project_modules/disp/ad529210693613.560ea79db0adc.png
80235325,https://mir-s3-cdn-cf.behance.net/project_modules/disp/56460111054767.560f0a1a9fa8c.png
81833355,https://mir-s3-cdn-cf.behance.net/project_modules/disp/8178096474187.560f5757145b9.png
83070155,https://mir-s3-cdn-cf.behance.net/project_modules/disp/69958211496237.560f89f38f0ab.png
83099009,https://mir-s3-cdn-cf.behance.net/project_modules/disp/84bd4511500709.560f8b0e6188b.png
83726923,https://mir-s3-cdn-cf.behance.net/project_modules/disp/22301211597935.560fa4d6aceff.png
83738625,https://mir-s3-cdn-cf.behance.net/project_modules/disp/87fb6d11599599.560fa48f29edd.png
83738629,https://mir-s3-cdn-cf.behance.net/project_modules/disp/923b5811599599.560fa533c78a2.png
83779715,https://mir-s3-cdn-cf.behance.net/project_modules/disp/43fab811605747.560fa63b66ec5.png
87142577,https://mir-s3-cdn-cf.behance.net/project_modules/disp/3cefd97783253.56257fd4b0ab7.png
89843707,https://mir-s3-cdn-cf.behance.net/project_modules/disp/81a39d12767059.5626cd05870ac.png
92631637,https://mir-s3-cdn-cf.behance.net/project_modules/disp/13d36113346809.56272c6961b0c.png
96014701,https://mir-s3-cdn-cf.behance.net/project_modules/disp/da29a913865345.5627951c8c8c6.png
99840293,https://mir-s3-cdn-cf.behance.net/project_modules/disp/e17f1414471435.5628489da388d.png
99847321,https://mir-s3-cdn-cf.behance.net/project_modules/disp/b969dd14472997.562847a102ed1.png
101273515,https://mir-s3-cdn-cf.behance.net/project_modules/disp/bad53e14701551.56287da735a12.png
101822251,https://mir-s3-cdn-cf.behance.net/project_modules/disp/96f02014788319.56288f3947896.png
104151457,https://mir-s3-cdn-cf.behance.net/project_modules/disp/c9598415160957.5628d98f91331.png
104610453,https://mir-s3-cdn-cf.behance.net/project_modules/disp/61e5ad15234645.5628e724bac79.png
104658003,https://mir-s3-cdn-cf.behance.net/project_modules/disp/42aea715241373.5628e89c500b6.png
104838215,https://mir-s3-cdn-cf.behance.net/project_modules/disp/570c7f15270837.5628ee9874bb5.png
104838217,https://mir-s3-cdn-cf.behance.net/project_modules/disp/74a8fa15270837.5628edefb8b68.png
104850901,https://mir-s3-cdn-cf.behance.net/project_modules/disp/f8c64e15273179.5628ee05f3bee.png
104891305,https://mir-s3-cdn-cf.behance.net/project_modules/disp/42c3fc15279281.5628f0b018593.png
106622329,https://mir-s3-cdn-cf.behance.net/project_modules/disp/1530d715552837.5629343ac9985.png
108119075,https://mir-s3-cdn-cf.behance.net/project_modules/disp/b6706a15793839.56296f0de71b2.png
108135831,https://mir-s3-cdn-cf.behance.net/project_modules/disp/cd389615796769.5629708bab114.png
110782595,https://mir-s3-cdn-cf.behance.net/project_modules/disp/f6c06616221021.562a70fbc67c3.png
111491177,https://mir-s3-cdn-cf.behance.net/project_modules/disp/b3209e16334787.562aa2a18b311.png
112498075,https://mir-s3-cdn-cf.behance.net/project_modules/disp/71968916496291.562accb610fe3.png
115413409,https://mir-s3-cdn-cf.behance.net/project_modules/disp/cc28cf16949707.562b3781bfd6b.png
115868863,https://mir-s3-cdn-cf.behance.net/project_modules/disp/27b16c17020501.562b492da3fe2.png
117516425,https://mir-s3-cdn-cf.behance.net/project_modules/disp/d639ae17280689.562b80fd4192a.png
117565911,https://mir-s3-cdn-cf.behance.net/project_modules/disp/f8e80017289123.562b829ae3e4d.png
117635683,https://mir-s3-cdn-cf.behance.net/project_modules/disp/ac487f17300281.562b83eba0061.png
118444349,https://mir-s3-cdn-cf.behance.net/project_modules/disp/f2547317425557.562b9c47d590a.png
120350989,https://mir-s3-cdn-cf.behance.net/project_modules/disp/00d35017721589.562be2638a3cd.png
123361275,https://mir-s3-cdn-cf.behance.net/project_modules/disp/5dc1f518195095.562c576e5ccfa.png
123371415,https://mir-s3-cdn-cf.behance.net/project_modules/disp/52a3a418196227.562c57d1a56ea.png
129015003,https://mir-s3-cdn-cf.behance.net/project_modules/disp/0ba8f419073303.562d495bdf072.png
130677537,https://mir-s3-cdn-cf.behance.net/project_modules/disp/38ed2719339063.562d8b8557fd3.png
136307161,https://mir-s3-cdn-cf.behance.net/project_modules/disp/0feb9c17026851.562e80bd1ed47.png
136514775,https://mir-s3-cdn-cf.behance.net/project_modules/disp/5069df19331379.562e89ee1ae0a.png
137803,https://mir-s3-cdn-cf.behance.net/project_modules/disp/9e7b49137803.56007f3c659d8.png
138265459,https://mir-s3-cdn-cf.behance.net/project_modules/disp/ec055020561191.562ed615c4955.png
138298143,https://mir-s3-cdn-cf.behance.net/project_modules/disp/913af320566913.562ed76974550.png
142246701,https://mir-s3-cdn-cf.behance.net/project_modules/disp/2d3ff721210797.562fd692d2a9b.png
143511989,https://mir-s3-cdn-cf.behance.net/project_modules/disp/e79da421419593.56300ea112f8f.png
146341047,https://mir-s3-cdn-cf.behance.net/project_modules/disp/3b489121891279.563092c483c4b.png
149701965,https://mir-s3-cdn-cf.behance.net/project_modules/disp/75287222438709.56312bdfbcdc0.png
150104395,https://mir-s3-cdn-cf.behance.net/project_modules/disp/d2e50422500813.56313b04a9e8b.png
151252983,https://mir-s3-cdn-cf.behance.net/project_modules/disp/ea694622693159.56316d8e629c1.png
154466623,https://mir-s3-cdn-cf.behance.net/project_modules/disp/22fdad23251705.563218f08e559.png
154479207,https://mir-s3-cdn-cf.behance.net/project_modules/disp/0263a623253715.5632193dccea8.png
154479219,https://mir-s3-cdn-cf.behance.net/project_modules/disp/f4e20723253715.5632193d28350.png
154479221,https://mir-s3-cdn-cf.behance.net/project_modules/disp/72822d23253715.563219512661d.png
154479225,https://mir-s3-cdn-cf.behance.net/project_modules/disp/4239c323253715.56321950f31ad.png
154695159,https://mir-s3-cdn-cf.behance.net/project_modules/disp/22ce0a23291099.56321eec4d6a7.png
154741761,https://mir-s3-cdn-cf.behance.net/project_modules/disp/4224d423298911.5632200b19733.png
155734287,https://mir-s3-cdn-cf.behance.net/project_modules/disp/7b8f5c17284649.56323a393e0b0.png
156047715,https://mir-s3-cdn-cf.behance.net/project_modules/disp/4473af23530267.5632482ec95b8.png
15642096,https://mir-s3-cdn-cf.behance.net/project_modules/disp/bf992815642096.56038dc9bf59c.png
156424119,https://mir-s3-cdn-cf.behance.net/project_modules/disp/b63d4f23595361.563258c420428.png
156431175,https://mir-s3-cdn-cf.behance.net/project_modules/disp/b491f223596389.563259152dd94.png
158633139,https://mir-s3-cdn-cf.behance.net/project_modules/disp/b9e23823965493.5632bce40ebac.png
16011271,https://mir-s3-cdn-cf.behance.net/project_modules/disp/d19ee116011271.5603990951332.png
160594541,https://mir-s3-cdn-cf.behance.net/project_modules/disp/e15e9224296835.563324c3c120a.png
160594557,https://mir-s3-cdn-cf.behance.net/project_modules/disp/95e84224296835.56332511e02c3.png
160594603,https://mir-s3-cdn-cf.behance.net/project_modules/disp/31e58b24296835.563324a85b62e.png
168599685,https://mir-s3-cdn-cf.behance.net/project_modules/disp/f3004c25640937.563487f6b5692.png
168633991,https://mir-s3-cdn-cf.behance.net/project_modules/disp/c0133625646661.5634896ed155b.png
168635735,https://mir-s3-cdn-cf.behance.net/project_modules/disp/f5880b25647181.563489874987b.png
172328207,https://mir-s3-cdn-cf.behance.net/project_modules/disp/5d4bb626304741.56353f206de4b.png
174274345,https://mir-s3-cdn-cf.behance.net/project_modules/disp/0fb33e26651831.563587187b075.png
174276011,https://mir-s3-cdn-cf.behance.net/project_modules/disp/eef92226651831.5635872a9ccb7.png
174285781,https://mir-s3-cdn-cf.behance.net/project_modules/disp/94ec4326653875.563587a0038e1.png
197188317,https://mir-s3-cdn-cf.behance.net/project_modules/disp/c0462d30764301.5631abeeebd63.png
29509483,https://mir-s3-cdn-cf.behance.net/project_modules/disp/f2eebc29509483.56055c586ac1c.png
2982726,https://mir-s3-cdn-cf.behance.net/project_modules/disp/3e6ff12982726.56018fb35bbc3.png
35651217,https://mir-s3-cdn-cf.behance.net/project_modules/disp/034b1a35651217.5606276ff2f6f.png
37944913,https://mir-s3-cdn-cf.behance.net/project_modules/disp/02fff837944913.56067b8705299.png
38030057,https://mir-s3-cdn-cf.behance.net/project_modules/disp/dc38f038030057.56067e59563fa.png
38030895,https://mir-s3-cdn-cf.behance.net/project_modules/disp/c9b3f838030895.56067e64724ff.png
44150041,https://mir-s3-cdn-cf.behance.net/project_modules/disp/31b71f44150041.560768c501601.png
4627124,https://mir-s3-cdn-cf.behance.net/project_modules/disp/f4d9d84627124.5600847819cd2.png
49603987,https://mir-s3-cdn-cf.behance.net/project_modules/disp/1124ac49603987.56086030050ba.png
5340772,https://mir-s3-cdn-cf.behance.net/project_modules/disp/1d52b15340772.5602253490f27.png
54568941,https://mir-s3-cdn-cf.behance.net/project_modules/disp/27cf4154568941.5609489b27e61.png
55510135,https://mir-s3-cdn-cf.behance.net/project_modules/disp/dd593b55510135.56098c1c7cd88.png
58056739,https://mir-s3-cdn-cf.behance.net/project_modules/disp/e6c9296526277.560ae9513d050.png
59445563,https://mir-s3-cdn-cf.behance.net/project_modules/disp/8687aa7075063.560b24a1e8a49.png
60046917,https://mir-s3-cdn-cf.behance.net/project_modules/disp/b313c97919007.560b426a13315.png
60046921,https://mir-s3-cdn-cf.behance.net/project_modules/disp/13b15e7919007.560b41c00c4d8.png
63809311,https://mir-s3-cdn-cf.behance.net/project_modules/disp/252ed48495643.560be6f63b63a.png
68080071,https://mir-s3-cdn-cf.behance.net/project_modules/disp/034b219171225.560c9bc1dfb99.png
68080083,https://mir-s3-cdn-cf.behance.net/project_modules/disp/1cf0729171225.560c9ad90c76f.png
68080085,https://mir-s3-cdn-cf.behance.net/project_modules/disp/8b3c8c9171225.560c9d668cebf.png
68206401,https://mir-s3-cdn-cf.behance.net/project_modules/disp/f0461a9179423.560ca15d35c1c.png
69015431,https://mir-s3-cdn-cf.behance.net/project_modules/disp/4329f19297885.560cc4e24da4e.png
69508799,https://mir-s3-cdn-cf.behance.net/project_modules/disp/fa66a79388183.560cd7f18d98d.png
70713847,https://mir-s3-cdn-cf.behance.net/project_modules/disp/2b66c89575369.560d614f150e4.png
73450487,https://mir-s3-cdn-cf.behance.net/project_modules/disp/cd90039991817.560ddaab47c89.png
73495799,https://mir-s3-cdn-cf.behance.net/project_modules/disp/dbc2819998925.560ddcd84064d.png
74035481,https://mir-s3-cdn-cf.behance.net/project_modules/disp/baa0999991699.560df45ba45ef.png
74541829,https://mir-s3-cdn-cf.behance.net/project_modules/disp/225e3110168163.560e0690dc176.png
74542691,https://mir-s3-cdn-cf.behance.net/project_modules/disp/9dfe4e10168163.560e07335daff.png
8321871,https://mir-s3-cdn-cf.behance.net/project_modules/disp/3d41b88321871.5602b6567d34a.png
84501739,https://mir-s3-cdn-cf.behance.net/project_modules/disp/84732811723355.560fc3ce7038f.png
86223431,https://mir-s3-cdn-cf.behance.net/project_modules/disp/002ff712000073.56255d81d11d5.png
87263133,https://mir-s3-cdn-cf.behance.net/project_modules/disp/d4468910742019.562583731b890.png
87699817,https://mir-s3-cdn-cf.behance.net/project_modules/disp/adcebe12259001.56265993df754.png
88146381,https://mir-s3-cdn-cf.behance.net/project_modules/disp/3bc57d11082847.56266cca6a0b6.png
88146385,https://mir-s3-cdn-cf.behance.net/project_modules/disp/8df37011082847.56266ca63f0ce.png
96898977,https://mir-s3-cdn-cf.behance.net/project_modules/disp/63aa8813972047.5627bb6aa4577.png
98404173,https://mir-s3-cdn-cf.behance.net/project_modules/disp/b8d8f114240411.5628014e8fa9f.png
101559713,https://mir-s3-cdn-cf.behance.net/project_modules/disp/eff2db14747457.5628862c311e3.png
104538815,https://mir-s3-cdn-cf.behance.net/project_modules/disp/0608d014303243.5628e588ab783.png
104800689,https://mir-s3-cdn-cf.behance.net/project_modules/disp/5c62c212941261.5628eca01742f.png
106208573,https://mir-s3-cdn-cf.behance.net/project_modules/disp/41c3a7106208573.56015f44aa416.png
106723153,https://mir-s3-cdn-cf.behance.net/project_modules/disp/5cc8ec15569017.5629393fc519b.png
106756251,https://mir-s3-cdn-cf.behance.net/project_modules/disp/1847c415572147.56293d0675160.png
109546367,https://mir-s3-cdn-cf.behance.net/project_modules/disp/d64cba16023259.5629a04e81329.png
10992015,https://mir-s3-cdn-cf.behance.net/project_modules/disp/f759d810992015.56030e996d6f1.png
109948537,https://mir-s3-cdn-cf.behance.net/project_modules/disp/6f97a816086261.562a536679d07.png
113091479,https://mir-s3-cdn-cf.behance.net/project_modules/disp/defe6e16571353.562ae6bb6af73.png
113913709,https://mir-s3-cdn-cf.behance.net/project_modules/disp/6b38cf16718439.562b048d86bfe.png
116322827,https://mir-s3-cdn-cf.behance.net/project_modules/disp/f4f8d217092781.562b58c067ddc.png
116674437,https://mir-s3-cdn-cf.behance.net/project_modules/disp/27a10e17148153.562b6513def31.png
116923551,https://mir-s3-cdn-cf.behance.net/project_modules/disp/4c79f417186539.562b6df295cf9.png
121487771,https://mir-s3-cdn-cf.behance.net/project_modules/disp/087a9317901555.562c0b5d67aa2.png
122014523,https://mir-s3-cdn-cf.behance.net/project_modules/disp/63ca7e17985897.562c1db956352.png
122457765,https://mir-s3-cdn-cf.behance.net/project_modules/disp/9cae2f18054683.562c30c92eca0.png
123760455,https://mir-s3-cdn-cf.behance.net/project_modules/disp/4db61818258701.562c68295977d.png
123954669,https://mir-s3-cdn-cf.behance.net/project_modules/disp/d0d97818289995.562c70372c26b.png
124586081,https://mir-s3-cdn-cf.behance.net/project_modules/disp/813c6918391177.562c8b0fbf97b.png
124725819,https://mir-s3-cdn-cf.behance.net/project_modules/disp/cf428b18413315.562c91047d917.png
128217343,https://mir-s3-cdn-cf.behance.net/project_modules/disp/761a8818801519.562d21a90fe04.png
128782305,https://mir-s3-cdn-cf.behance.net/project_modules/disp/25cfb419035405.562d3dba40a51.png
129250735,https://mir-s3-cdn-cf.behance.net/project_modules/disp/b7335119111147.562d517d055ac.png
129758901,https://mir-s3-cdn-cf.behance.net/project_modules/disp/a695ee19191243.562d64cd03bdc.png
129960971,https://mir-s3-cdn-cf.behance.net/project_modules/disp/3494ce19201393.562d6c47769dc.png
131940139,https://mir-s3-cdn-cf.behance.net/project_modules/disp/a8090919539311.562dc1e38562f.png
132109009,https://mir-s3-cdn-cf.behance.net/project_modules/disp/b5a32f19565001.562dc8f07ab02.png
132735475,https://mir-s3-cdn-cf.behance.net/project_modules/disp/73a6ad17655927.562de3a7afe6a.png
132871697,https://mir-s3-cdn-cf.behance.net/project_modules/disp/e16eed19517537.562de96a6c5a6.png
133287431,https://mir-s3-cdn-cf.behance.net/project_modules/disp/b147cb19753715.562dfb2236f00.png
133660157,https://mir-s3-cdn-cf.behance.net/project_modules/disp/d7454e19813153.562e0b154265f.png
133949065,https://mir-s3-cdn-cf.behance.net/project_modules/disp/5230cf19859649.562e179e7cdc6.png
135248337,https://mir-s3-cdn-cf.behance.net/project_modules/disp/b001eb20068473.562e4fd37d0ff.png
135402755,https://mir-s3-cdn-cf.behance.net/project_modules/disp/098c9120095197.562e56a052cd9.png
135706941,https://mir-s3-cdn-cf.behance.net/project_modules/disp/28363a20144571.562e642251279.png
135855365,https://mir-s3-cdn-cf.behance.net/project_modules/disp/8f21df20168369.562e6ae068d02.png
138027761,https://mir-s3-cdn-cf.behance.net/project_modules/disp/fff28520523957.562ecb4aa7c9d.png
138733273,https://mir-s3-cdn-cf.behance.net/project_modules/disp/3d6f1620637553.562eea532aeb7.png
139993153,https://mir-s3-cdn-cf.behance.net/project_modules/disp/8173bf20844107.562f20ca273b7.png
140654983,https://mir-s3-cdn-cf.behance.net/project_modules/disp/f3614a11802041.562f3dd2dcd7e.png
143038579,https://mir-s3-cdn-cf.behance.net/project_modules/disp/9f1f1121341847.562ff928d3cbf.png
143901283,https://mir-s3-cdn-cf.behance.net/project_modules/disp/81353121484501.5630208c0403b.png
146313897,https://mir-s3-cdn-cf.behance.net/project_modules/disp/19dffd21884841.56309190048f8.png
146439083,https://mir-s3-cdn-cf.behance.net/project_modules/disp/25d6da16741633.563097172cead.png
146719437,https://mir-s3-cdn-cf.behance.net/project_modules/disp/d167c521953699.5630a35379b75.png
14859529,https://mir-s3-cdn-cf.behance.net/project_modules/disp/88b90f14859529.560377849a490.png
149620133,https://mir-s3-cdn-cf.behance.net/project_modules/disp/fbb7d822425989.563128b2202c5.png
150260791,https://mir-s3-cdn-cf.behance.net/project_modules/disp/27039a22526367.563142139f0ed.png
152677481,https://mir-s3-cdn-cf.behance.net/project_modules/disp/5e746822938497.5631abd49da4f.png
154930881,https://mir-s3-cdn-cf.behance.net/project_modules/disp/a6c3b923331747.563224cc4cfdc.png
155577937,https://mir-s3-cdn-cf.behance.net/project_modules/disp/7cf72723447701.5632357d453ae.png
155894785,https://mir-s3-cdn-cf.behance.net/project_modules/disp/58c74423425507.56324177a602a.png
156261001,https://mir-s3-cdn-cf.behance.net/project_modules/disp/eff1d323567277.56325175b3419.png
156526161,https://mir-s3-cdn-cf.behance.net/project_modules/disp/d0cc7623612453.56325d67c8056.png
158042733,https://mir-s3-cdn-cf.behance.net/project_modules/disp/bd619a23867395.5632a205d4dfe.png
160583113,https://mir-s3-cdn-cf.behance.net/project_modules/disp/5a4b6724294633.563324474c223.png
160818305,https://mir-s3-cdn-cf.behance.net/project_modules/disp/22239212090447.56332ad2571c8.png
162031357,https://mir-s3-cdn-cf.behance.net/project_modules/disp/719d1d24530533.56335c07b7581.png
162370919,https://mir-s3-cdn-cf.behance.net/project_modules/disp/f5c5f724586591.56336b0b7e350.png
16303324,https://mir-s3-cdn-cf.behance.net/project_modules/disp/f68db416303324.5603a16dd5368.png
163270767,https://mir-s3-cdn-cf.behance.net/project_modules/disp/735cf524736423.5633932447f14.png
165131883,https://mir-s3-cdn-cf.behance.net/project_modules/disp/93e94d25048777.5633e71084e81.png
165264417,https://mir-s3-cdn-cf.behance.net/project_modules/disp/e1658225070317.5633ed0175968.png
165285695,https://mir-s3-cdn-cf.behance.net/project_modules/disp/681f9125074093.5633edf8b821b.png
167027015,https://mir-s3-cdn-cf.behance.net/project_modules/disp/70c1d925368527.5634455727a1d.png
169039605,https://mir-s3-cdn-cf.behance.net/project_modules/disp/c6701625718907.56349afb1afbb.png
169108165,https://mir-s3-cdn-cf.behance.net/project_modules/disp/6b457720180571.56349dff241bc.png
169180323,https://mir-s3-cdn-cf.behance.net/project_modules/disp/369f8c25329181.5634a10db8827.png
173028075,https://mir-s3-cdn-cf.behance.net/project_modules/disp/01e54426429195.563550de41a7c.png
2421792,https://mir-s3-cdn-cf.behance.net/project_modules/disp/6c97ef2421792.5601400bad911.png
26850191,https://mir-s3-cdn-cf.behance.net/project_modules/disp/5203d026850191.5604f4c3bfac2.png
28120231,https://mir-s3-cdn-cf.behance.net/project_modules/disp/95206f28120231.560523b6547db.png
33709715,https://mir-s3-cdn-cf.behance.net/project_modules/disp/0ddbe733709715.5605e4f3bdf56.png
39712377,https://mir-s3-cdn-cf.behance.net/project_modules/disp/cfe1c339712377.5606c0609b6cc.png
4247546,https://mir-s3-cdn-cf.behance.net/project_modules/disp/523dcb4247546.5601db91ee689.png
43278963,https://mir-s3-cdn-cf.behance.net/project_modules/disp/32dda943278963.5607438c4f842.png
47497175,https://mir-s3-cdn-cf.behance.net/project_modules/disp/10f7e247497175.5608064d5bb6a.png
4881384,https://mir-s3-cdn-cf.behance.net/project_modules/disp/eb9e734881384.560203b554ac0.png
5210015,https://mir-s3-cdn-cf.behance.net/project_modules/disp/fe8b3c5210015.56021bbe68398.png
55436971,https://mir-s3-cdn-cf.behance.net/project_modules/disp/dd71e255436971.560986e27701a.png
6717255,https://mir-s3-cdn-cf.behance.net/project_modules/disp/9fea6c6717255.56027db3d5b95.png
68177771,https://mir-s3-cdn-cf.behance.net/project_modules/disp/353f169186047.560ca1d656a6a.png
70625835,https://mir-s3-cdn-cf.behance.net/project_modules/disp/d7d4d99561839.560d5cddbfeab.png
72833063,https://mir-s3-cdn-cf.behance.net/project_modules/disp/a14d079897073.560dc0832d906.png
76594105,https://mir-s3-cdn-cf.behance.net/project_modules/disp/77abf510484345.560e5b370e554.png
77708059,https://mir-s3-cdn-cf.behance.net/project_modules/disp/a00a9e10663353.560e8bb0582f4.png
79169127,https://mir-s3-cdn-cf.behance.net/project_modules/disp/9d014a10890437.560ed30104f88.png
81678681,https://mir-s3-cdn-cf.behance.net/project_modules/disp/9cbf0111279761.560f52b423fcd.png
84648873,https://mir-s3-cdn-cf.behance.net/project_modules/disp/4b475011746877.560fc981511dd.png
85567289,https://mir-s3-cdn-cf.behance.net/project_modules/disp/cb455311895567.5625436f9e7ec.png
86763279,https://mir-s3-cdn-cf.behance.net/project_modules/disp/a3169b12083369.562571c0cd9e2.png
87687145,https://mir-s3-cdn-cf.behance.net/project_modules/disp/37840312251957.562658ef2de97.png
91413633,https://mir-s3-cdn-cf.behance.net/project_modules/disp/b9c0d013091731.56270ac72e0b1.png
91751939,https://mir-s3-cdn-cf.behance.net/project_modules/disp/7cc09f13166715.5627140f8bf20.png
92045901,https://mir-s3-cdn-cf.behance.net/project_modules/disp/57496613238641.56271a27807c5.png
92729521,https://mir-s3-cdn-cf.behance.net/project_modules/disp/ceaa6013362729.56272eb85a618.png
94287035,https://mir-s3-cdn-cf.behance.net/project_modules/disp/82e8a613599847.56275bcff3680.png
99117125,https://mir-s3-cdn-cf.behance.net/project_modules/disp/be657014355253.5628268a3085e.png
99598241,https://mir-s3-cdn-cf.behance.net/project_modules/disp/1412da14432639.56283d2fe3653.png
